experiment,fold,auc,baseline_auc,delta
R16_00_BASELINE_R04D,0,0.9594702001451155,0.9594702001451155,0.0
R16_00_BASELINE_R04D,1,0.9585792061969259,0.9585792061969259,0.0
R16_00_BASELINE_R04D,2,0.9603008143225493,0.9603008143225493,0.0
R16_00_BASELINE_R04D,3,0.9594348183346718,0.9594348183346718,0.0
R16_00_BASELINE_R04D,4,0.9596197503175679,0.9596197503175679,0.0
R16_01_FD_COUNT,0,0.9599034467327017,0.9594702001451155,0.00043324658758614465
R16_01_FD_COUNT,1,0.9588365132872562,0.9585792061969259,0.0002573070903302277
R16_01_FD_COUNT,2,0.9606982900944065,0.9603008143225493,0.00039747577185722527
R16_01_FD_COUNT,3,0.9599081185298897,0.9594348183346718,0.0004733001952178517
R16_01_FD_COUNT,4,0.9599072762213842,0.9596197503175679,0.00028752590381631027
R16_02_FD_ROUTE_PROFILE,0,0.9605522033271214,0.9594702001451155,0.0010820031820059084
R16_02_FD_ROUTE_PROFILE,1,0.9595237796046899,0.9585792061969259,0.0009445734077639933
R16_02_FD_ROUTE_PROFILE,2,0.9610350035661445,0.9603008143225493,0.0007341892435951403
R16_02_FD_ROUTE_PROFILE,3,0.960363242409051,0.9594348183346718,0.0009284240743792083
R16_02_FD_ROUTE_PROFILE,4,0.9602854447013497,0.9596197503175679,0.0006656943837818341
R16_03_FD_TARGET_ENCODING,0,0.9604028960260627,0.9594702001451155,0.000932695880947132
R16_03_FD_TARGET_ENCODING,1,0.959219465160764,0.9585792061969259,0.0006402589638380141
R16_03_FD_TARGET_ENCODING,2,0.9610615570287995,0.9603008143225493,0.0007607427062501504
R16_03_FD_TARGET_ENCODING,3,0.9602754674686392,0.9594348183346718,0.0008406491339674194
R16_03_FD_TARGET_ENCODING,4,0.9602462012573407,0.9596197503175679,0.0006264509397728713
R16_04_ROUTE_PROFILE_PLUS_TE,0,0.9604907468864665,0.9594702001451155,0.0010205467413509917
R16_04_ROUTE_PROFILE_PLUS_TE,1,0.9594852728314289,0.9585792061969259,0.0009060666345029889
R16_04_ROUTE_PROFILE_PLUS_TE,2,0.9611691583449711,0.9603008143225493,0.000868344022421752
R16_04_ROUTE_PROFILE_PLUS_TE,3,0.9604623578369169,0.9594348183346718,0.0010275395022451006
R16_04_ROUTE_PROFILE_PLUS_TE,4,0.960334085042925,0.9596197503175679,0.0007143347253570909
